pcd,pcd2,pcds,dointr,doterm,usertype,oseast1m,osnrth1m,osgrdind,oa11,cty,laua,ward,hlthau,hro,ctry,gor,pcon,eer,teclec,ttwa,pct,nuts,park,lsoa11,msoa11,wz11,ccg,bua11,buasd11,ru11ind,oac11,lat,long,lep1,lep2,pfa,imd
AB1 0AA,AB1  0AA,AB1 0AA,198001,199606,0,385386,801193,1,S00090303,S99999999,S12000033,S13002484,S08000020,S99999999,S92000003,S99999999,S14000002,S15000001,S09000001,S22000047,S03000012,S31000935,S99999999,S01006514,S02001237,S99999999,S03000012,S99999999,S99999999,3,1C3,57.101474,-2.242851,S99999999,S99999999,S23000009,0
AB1 0AB,AB1  0AB,AB1 0AB,198001,199606,0,385177,801314,1,S00090303,S99999999,S12000033,S13002484,S08000020,S99999999,S92000003,S99999999,S14000002,S15000001,S09000001,S22000047,S03000012,S31000935,S99999999,S01006514,S02001237,S99999999,S03000012,S99999999,S99999999,3,1C3,57.102554,-2.246308,S99999999,S99999999,S23000009,0
AB1 0AD,AB1  0AD,AB1 0AD,198001,199606,0,385053,801092,1,S00090399,S99999999,S12000033,S13002484,S08000020,S99999999,S92000003,S99999999,S14000002,S15000001,S09000001,S22000047,S03000012,S31000934,S99999999,S01006514,S02001237,S99999999,S03000012,S99999999,S99999999,3,6A1,57.100556,-2.248342,S99999999,S99999999,S23000009,0
AB1 0AE,AB1  0AE,AB1 0AE,199402,199606,0,384600,799300,8,S00091322,S99999999,S12000034,S13002505,S08000020,S99999999,S92000003,S99999999,S14000058,S15000001,S09000001,S22000047,S03000013,S31001005,S99999999,S01006853,S02001296,S99999999,S03000013,S99999999,S99999999,6,1A2,57.084444,-2.255708,S99999999,S99999999,S23000009,0
AB1 0AF,AB1  0AF,AB1 0AF,199012,199207,1,384460,800660,8,S00090299,S99999999,S12000033,S13002484,S08000020,S99999999,S92000003,S99999999,S14000002,S15000001,S09000001,S22000047,S03000012,S31000934,S99999999,S01006511,S02001236,S99999999,S03000012,S99999999,S99999999,3,6A4,57.096656,-2.258102,S99999999,S99999999,S23000009,0
AB1 0AG,AB1  0AG,AB1 0AG,199012,199207,1,383890,800710,8,S00090291,S99999999,S12000033,S13002484,S08000020,S99999999,S92000003,S99999999,S14000002,S15000001,S09000001,S22000047,S03000012,S31000934,S99999999,S01006506,S02001236,S99999999,S03000012,S99999999,S99999999,3,7C3,57.097085,-2.267513,S99999999,S99999999,S23000009,0
AB1 0AJ,AB1  0AJ,AB1 0AJ,198001,199606,0,384779,800921,1,S00090399,S99999999,S12000033,S13002484,S08000020,S99999999,S92000003,S99999999,S14000002,S15000001,S09000001,S22000047,S03000012,S31000934,S99999999,S01006514,S02001237,S99999999,S03000012,S99999999,S99999999,3,6A1,57.099011,-2.252854,S99999999,S99999999,S23000009,0
AB1 0AL,AB1  0AL,AB1 0AL,198001,199606,0,384669,801228,1,S00090381,S99999999,S12000033,S13002484,S08000020,S99999999,S92000003,S99999999,S14000002,S15000001,S09000001,S22000047,S03000012,S31000934,S99999999,S01006511,S02001236,S99999999,S03000012,S99999999,S99999999,3,6B3,57.101765,-2.254688,S99999999,S99999999,S23000009,0
AB1 0AN,AB1  0AN,AB1 0AN,198001,199606,1,385225,800757,1,S00090399,S99999999,S12000033,S13002484,S08000020,S99999999,S92000003,S99999999,S14000002,S15000001,S09000001,S22000047,S03000012,S31000934,S99999999,S01006514,S02001237,S99999999,S03000012,S99999999,S99999999,3,6A1,57.097553,-2.245483,S99999999,S99999999,S23000009,0
AB1 0AP,AB1  0AP,AB1 0AP,198001,199606,0,385208,800834,1,S00090399,S99999999,S12000033,S13002484,S08000020,S99999999,S92000003,S99999999,S14000002,S15000001,S09000001,S22000047,S03000012,S31000934,S99999999,S01006514,S02001237,S99999999,S03000012,S99999999,S99999999,3,6A1,57.098244,-2.245768,S99999999,S99999999,S23000009,0
AB1 0AQ,AB1  0AQ,AB1 0AQ,198001,199606,0,384800,800870,8,S00090399,S99999999,S12000033,S13002484,S08000020,S99999999,S92000003,S99999999,S14000002,S15000001,S09000001,S22000047,S03000012,S31000934,S99999999,S01006514,S02001237,S99999999,S03000012,S99999999,S99999999,3,6A1,57.098554,-2.252504,S99999999,S99999999,S23000009,0
AB1 0AR,AB1  0AR,AB1 0AR,198001,199606,0,386474,800063,1,S00092401,S99999999,S12000034,S13002505,S08000020,S99999999,S92000003,S99999999,S14000058,S15000001,S09000001,S22000047,S03000013,S31001005,S99999999,S01006853,S02001296,S99999999,S03000013,S99999999,S99999999,6,1A1,57.091357,-2.224831,S99999999,S99999999,S23000009,0
AB1 0AS,AB1  0AS,AB1 0AS,198001,199606,0,385889,799228,1,S00092401,S99999999,S12000034,S13002505,S08000020,S99999999,S92000003,S99999999,S14000058,S15000001,S09000001,S22000047,S03000013,S31001005,S99999999,S01006853,S02001296,S99999999,S03000013,S99999999,S99999999,6,1A1,57.083838,-2.234437,S99999999,S99999999,S23000009,0
AB1 0AT,AB1  0AT,AB1 0AT,198001,199606,0,385568,799837,1,S00092401,S99999999,S12000034,S13002505,S08000020,S99999999,S92000003,S99999999,S14000058,S15000001,S09000001,S22000047,S03000013,S31001005,S99999999,S01006853,S02001296,S99999999,S03000013,S99999999,S99999999,6,1A1,57.089299,-2.239768,S99999999,S99999999,S23000009,0
AB1 0AX,AB1  0AX,AB1 0AX,198001,199606,0,385079,800549,1,S00092401,S99999999,S12000034,S13002505,S08000020,S99999999,S92000003,S99999999,S14000058,S15000001,S09000001,S22000047,S03000013,S31001005,S99999999,S01006853,S02001296,S99999999,S03000013,S99999999,S99999999,6,1A1,57.095679,-2.24788,S99999999,S99999999,S23000009,0
AB1 0BA,AB1  0BA,AB1 0BA,198001,199606,0,384593,799996,1,S00091322,S99999999,S12000034,S13002505,S08000020,S99999999,S92000003,S99999999,S14000058,S15000001,S09000001,S22000047,S03000013,S31001005,S99999999,S01006853,S02001296,S99999999,S03000013,S99999999,S99999999,6,1A2,57.090696,-2.255866,S99999999,S99999999,S23000009,0
AB1 0BB,AB1  0BB,AB1 0BB,198001,199606,0,384426,799509,1,S00091322,S99999999,S12000034,S13002505,S08000020,S99999999,S92000003,S99999999,S14000058,S15000001,S09000001,S22000047,S03000013,S31001005,S99999999,S01006853,S02001296,S99999999,S03000013,S99999999,S99999999,6,1A2,57.086315,-2.258591,S99999999,S99999999,S23000009,0
AB1 0BD,AB1  0BD,AB1 0BD,198001,199606,0,383801,798711,1,S00091322,S99999999,S12000034,S13002505,S08000020,S99999999,S92000003,S99999999,S14000058,S15000001,S09000001,S22000047,S03000013,S31001005,S99999999,S01006853,S02001296,S99999999,S03000013,S99999999,S99999999,6,1A2,57.079125,-2.268851,S99999999,S99999999,S23000009,0
AB1 0BE,AB1  0BE,AB1 0BE,199103,199606,0,384495,799987,1,S00091322,S99999999,S12000034,S13002505,S08000020,S99999999,S92000003,S99999999,S14000058,S15000001,S09000001,S22000047,S03000013,S31001005,S99999999,S01006853,S02001296,S99999999,S03000013,S99999999,S99999999,6,1A2,57.090611,-2.257483,S99999999,S99999999,S23000009,0
AB1 0BJ,AB1  0BJ,AB1 0BJ,198001,199606,0,384198,798965,1,S00091322,S99999999,S12000034,S13002505,S08000020,S99999999,S92000003,S99999999,S14000058,S15000001,S09000001,S22000047,S03000013,S31001005,S99999999,S01006853,S02001296,S99999999,S03000013,S99999999,S99999999,6,1A2,57.081421,-2.262319,S99999999,S99999999,S23000009,0
AB1 0BL,AB1  0BL,AB1 0BL,198001,199606,0,385153,799019,1,S00091322,S99999999,S12000034,S13002505,S08000020,S99999999,S92000003,S99999999,S14000058,S15000001,S09000001,S22000047,S03000013,S31001005,S99999999,S01006853,S02001296,S99999999,S03000013,S99999999,S99999999,6,1A2,57.081938,-2.246567,S99999999,S99999999,S23000009,0
AB1 0BN,AB1  0BN,AB1 0BN,198001,199606,0,384454,797616,1,S00091320,S99999999,S12000034,S13002505,S08000020,S99999999,S92000003,S99999999,S14000058,S15000001,S09000001,S22000047,S03000013,S31001005,S99999999,S01006853,S02001296,S99999999,S03000013,S99999999,S99999999,6,6A1,57.069311,-2.258011,S99999999,S99999999,S23000009,0
AB1 0BP,AB1  0BP,AB1 0BP,198001,199606,0,383592,797390,1,S00091320,S99999999,S12000034,S13002505,S08000020,S99999999,S92000003,S99999999,S14000058,S15000001,S09000001,S22000047,S03000013,S31001005,S99999999,S01006853,S02001296,S99999999,S03000013,S99999999,S99999999,6,6A1,57.067251,-2.272212,S99999999,S99999999,S23000009,0
AB1 0BQ,AB1  0BQ,AB1 0BQ,198001,199606,0,382833,797458,1,S00091320,S99999999,S12000034,S13002505,S08000020,S99999999,S92000003,S99999999,S14000058,S15000001,S09000001,S22000047,S03000013,S31001005,S99999999,S01006853,S02001296,S99999999,S03000013,S99999999,S99999999,6,6A1,57.067834,-2.284733,S99999999,S99999999,S23000009,0
AB1 0BR,AB1  0BR,AB1 0BR,198001,199606,0,383218,796825,1,S00091320,S99999999,S12000034,S13002505,S08000020,S99999999,S92000003,S99999999,S14000058,S15000001,S09000001,S22000047,S03000013,S31001005,S99999999,S01006853,S02001296,S99999999,S03000013,S99999999,S99999999,6,6A1,57.062162,-2.278341,S99999999,S99999999,S23000009,0
AB1 0BS,AB1  0BS,AB1 0BS,198001,199606,0,384007,795624,1,S00091321,S99999999,S12000034,S13002505,S08000020,S99999999,S92000003,S99999999,S14000058,S15000001,S09000001,S22000047,S03000013,S31001005,S99999999,S01006853,S02001296,S99999999,S03000013,S99999999,S99999999,6,6A3,57.051402,-2.265255,S99999999,S99999999,S23000009,0
AB1 0BT,AB1  0BT,AB1 0BT,198001,199606,0,384932,796254,1,S00091321,S99999999,S12000034,S13002505,S08000020,S99999999,S92000003,S99999999,S14000058,S15000001,S09000001,S22000047,S03000013,S31001005,S99999999,S01006853,S02001296,S99999999,S03000013,S99999999,S99999999,6,6A3,57.057092,-2.250046,S99999999,S99999999,S23000009,0
AB1 0BX,AB1  0BX,AB1 0BX,198001,199606,0,385814,797610,1,S00091321,S99999999,S12000034,S13002505,S08000020,S99999999,S92000003,S99999999,S14000058,S15000001,S09000001,S22000047,S03000013,S31001005,S99999999,S01006853,S02001296,S99999999,S03000013,S99999999,S99999999,6,6A3,57.069302,-2.235582,S99999999,S99999999,S23000009,0
AB1 0BY,AB1  0BY,AB1 0BY,198605,199606,0,385753,799055,1,S00092401,S99999999,S12000034,S13002505,S08000020,S99999999,S92000003,S99999999,S14000058,S15000001,S09000001,S22000047,S03000013,S31001005,S99999999,S01006853,S02001296,S99999999,S03000013,S99999999,S99999999,6,1A1,57.08228,-2.236671,S99999999,S99999999,S23000009,0
AB1 0BZ,AB1  0BZ,AB1 0BZ,198605,199606,0,385637,799105,1,S00092401,S99999999,S12000034,S13002505,S08000020,S99999999,S92000003,S99999999,S14000058,S15000001,S09000001,S22000047,S03000013,S31001005,S99999999,S01006853,S02001296,S99999999,S03000013,S99999999,S99999999,6,1A1,57.082726,-2.238588,S99999999,S99999999,S23000009,0
AB1 0DA,AB1  0DA,AB1 0DA,198001,199606,0,386246,797040,1,S00091321,S99999999,S12000034,S13002505,S08000020,S99999999,S92000003,S99999999,S14000058,S15000001,S09000001,S22000047,S03000013,S31001005,S99999999,S01006853,S02001296,S99999999,S03000013,S99999999,S99999999,6,6A3,57.064194,-2.228427,S99999999,S99999999,S23000009,0
AB1 0DB,AB1  0DB,AB1 0DB,198001,199606,0,385249,797716,1,S00091321,S99999999,S12000034,S13002505,S08000020,S99999999,S92000003,S99999999,S14000058,S15000001,S09000001,S22000047,S03000013,S31001005,S99999999,S01006853,S02001296,S99999999,S03000013,S99999999,S99999999,6,6A3,57.070236,-2.244906,S99999999,S99999999,S23000009,0
AB1 0DD,AB1  0DD,AB1 0DD,198001,199606,0,386284,800782,1,S00092401,S99999999,S12000034,S13002505,S08000020,S99999999,S92000003,S99999999,S14000058,S15000001,S09000001,S22000047,S03000013,S31001005,S99999999,S01006853,S02001296,S99999999,S03000013,S99999999,S99999999,6,1A1,57.09781,-2.228006,S99999999,S99999999,S23000009,0
AB1 0DJ,AB1  0DJ,AB1 0DJ,198001,199606,0,385350,801340,8,S00090303,S99999999,S12000033,S13002484,S08000020,S99999999,S92000003,S99999999,S14000002,S15000001,S09000001,S22000047,S03000012,S31000935,S99999999,S01006514,S02001237,S99999999,S03000012,S99999999,S99999999,3,1C3,57.102794,-2.243454,S99999999,S99999999,S23000009,0
AB1 0DL,AB1  0DL,AB1 0DL,198001,199606,0,385386,801193,1,S00090303,S99999999,S12000033,S13002484,S08000020,S99999999,S92000003,S99999999,S14000002,S15000001,S09000001,S22000047,S03000012,S31000935,S99999999,S01006514,S02001237,S99999999,S03000012,S99999999,S99999999,3,1C3,57.101474,-2.242851,S99999999,S99999999,S23000009,0
AB1 0DN,AB1  0DN,AB1 0DN,198001,199606,0,385566,801239,1,S00090303,S99999999,S12000033,S13002484,S08000020,S99999999,S92000003,S99999999,S14000002,S15000001,S09000001,S22000047,S03000012,S31000935,S99999999,S01006514,S02001237,S99999999,S03000012,S99999999,S99999999,3,1C3,57.101893,-2.239883,S99999999,S99999999,S23000009,0
AB1 0DP,AB1  0DP,AB1 0DP,198001,199606,0,385622,801182,1,S00090303,S99999999,S12000033,S13002484,S08000020,S99999999,S92000003,S99999999,S14000002,S15000001,S09000001,S22000047,S03000012,S31000935,S99999999,S01006514,S02001237,S99999999,S03000012,S99999999,S99999999,3,1C3,57.101383,-2.238955,S99999999,S99999999,S23000009,0
AB1 0DQ,AB1  0DQ,AB1 0DQ,198001,199606,0,385575,801385,1,S00090303,S99999999,S12000033,S13002484,S08000020,S99999999,S92000003,S99999999,S14000002,S15000001,S09000001,S22000047,S03000012,S31000935,S99999999,S01006514,S02001237,S99999999,S03000012,S99999999,S99999999,3,1C3,57.103205,-2.239743,S99999999,S99999999,S23000009,0
AB1 0DR,AB1  0DR,AB1 0DR,198001,199606,0,385824,801537,1,S00090311,S99999999,S12000033,S13002484,S08000020,S99999999,S92000003,S99999999,S14000002,S15000001,S09000001,S22000047,S03000012,S31000935,S99999999,S01006513,S02001237,S99999999,S03000012,S99999999,S99999999,3,6B2,57.104578,-2.235641,S99999999,S99999999,S23000009,0
AB1 0DS,AB1  0DS,AB1 0DS,198001,199606,0,385866,801631,1,S00090311,S99999999,S12000033,S13002484,S08000020,S99999999,S92000003,S99999999,S14000002,S15000001,S09000001,S22000047,S03000012,S31000935,S99999999,S01006513,S02001237,S99999999,S03000012,S99999999,S99999999,3,6B2,57.105424,-2.234953,S99999999,S99999999,S23000009,0
AB1 0DT,AB1  0DT,AB1 0DT,198001,199606,0,385943,801641,1,S00090311,S99999999,S12000033,S13002484,S08000020,S99999999,S92000003,S99999999,S14000002,S15000001,S09000001,S22000047,S03000012,S31000935,S99999999,S01006513,S02001237,S99999999,S03000012,S99999999,S99999999,3,6B2,57.105516,-2.233683,S99999999,S99999999,S23000009,0
AB1 0DU,AB1  0DU,AB1 0DU,198001,199606,0,385879,801765,1,S00090306,S99999999,S12000033,S13002484,S08000020,S99999999,S92000003,S99999999,S14000002,S15000001,S09000001,S22000047,S03000012,S31000935,S99999999,S01006514,S02001237,S99999999,S03000012,S99999999,S99999999,3,6A2,57.106628,-2.234746,S99999999,S99999999,S23000009,0
AB1 0DX,AB1  0DX,AB1 0DX,198001,199606,0,386048,801738,1,S00090304,S99999999,S12000033,S13002484,S08000020,S99999999,S92000003,S99999999,S14000002,S15000001,S09000001,S22000047,S03000012,S31000935,S99999999,S01006516,S02001237,S99999999,S03000012,S99999999,S99999999,3,6B4,57.106391,-2.231955,S99999999,S99999999,S23000009,0
AB1 0DY,AB1  0DY,AB1 0DY,199402,199606,0,385466,801182,1,S00090303,S99999999,S12000033,S13002484,S08000020,S99999999,S92000003,S99999999,S14000002,S15000001,S09000001,S22000047,S03000012,S31000935,S99999999,S01006514,S02001237,S99999999,S03000012,S99999999,S99999999,3,1C3,57.101378,-2.24153,S99999999,S99999999,S23000009,0
AB1 0EA,AB1  0EA,AB1 0EA,198001,199606,0,386064,801706,1,S00090304,S99999999,S12000033,S13002484,S08000020,S99999999,S92000003,S99999999,S14000002,S15000001,S09000001,S22000047,S03000012,S31000935,S99999999,S01006516,S02001237,S99999999,S03000012,S99999999,S99999999,3,6B4,57.106104,-2.231689,S99999999,S99999999,S23000009,0
AB1 0EB,AB1  0EB,AB1 0EB,198001,199606,0,385985,801825,1,S00090312,S99999999,S12000033,S13002484,S08000020,S99999999,S92000003,S99999999,S14000002,S15000001,S09000001,S22000047,S03000012,S31000935,S99999999,S01006513,S02001237,S99999999,S03000012,S99999999,S99999999,3,6B4,57.10717,-2.233,S99999999,S99999999,S23000009,0
AB1 0ED,AB1  0ED,AB1 0ED,198001,199606,0,386008,801793,1,S00090310,S99999999,S12000033,S13002484,S08000020,S99999999,S92000003,S99999999,S14000002,S15000001,S09000001,S22000047,S03000012,S31000935,S99999999,S01006513,S02001237,S99999999,S03000012,S99999999,S99999999,3,6B1,57.106884,-2.232618,S99999999,S99999999,S23000009,0
AB1 0EE,AB1  0EE,AB1 0EE,198001,199606,0,386152,801879,1,S00090310,S99999999,S12000033,S13002484,S08000020,S99999999,S92000003,S99999999,S14000002,S15000001,S09000001,S22000047,S03000012,S31000935,S99999999,S01006513,S02001237,S99999999,S03000012,S99999999,S99999999,3,6B1,57.107661,-2.230246,S99999999,S99999999,S23000009,0
AB1 0EF,AB1  0EF,AB1 0EF,198001,199606,0,385610,802040,8,S00090897,S99999999,S12000033,S13002484,S08000020,S99999999,S92000003,S99999999,S14000002,S15000001,S09000001,S22000047,S03000012,S31000935,S99999999,S01006514,S02001237,S99999999,S03000012,S99999999,S99999999,3,6A4,57.10909,-2.239203,S99999999,S99999999,S23000009,0
AB1 0EH,AB1  0EH,AB1 0EH,198001,199606,0,385705,801808,1,S00090306,S99999999,S12000033,S13002484,S08000020,S99999999,S92000003,S99999999,S14000002,S15000001,S09000001,S22000047,S03000012,S31000935,S99999999,S01006514,S02001237,S99999999,S03000012,S99999999,S99999999,3,6A2,57.107009,-2.237621,S99999999,S99999999,S23000009,0
AB1 0EJ,AB1  0EJ,AB1 0EJ,198001,199606,0,385524,801947,1,S00090305,S99999999,S12000033,S13002484,S08000020,S99999999,S92000003,S99999999,S14000002,S15000001,S09000001,S22000047,S03000012,S31000935,S99999999,S01006514,S02001237,S99999999,S03000012,S99999999,S99999999,3,6A2,57.108252,-2.240617,S99999999,S99999999,S23000009,0
AB1 0EL,AB1  0EL,AB1 0EL,198001,199606,0,385296,802185,1,S00090400,S99999999,S12000033,S13002484,S08000020,S99999999,S92000003,S99999999,S14000002,S15000001,S09000001,S22000047,S03000012,S31000935,S99999999,S01006515,S02001237,S99999999,S03000012,S99999999,S99999999,6,1A2,57.110383,-2.244395,S99999999,S99999999,S23000009,0
AB1 0EN,AB1  0EN,AB1 0EN,198001,199606,0,385560,801560,8,S00090305,S99999999,S12000033,S13002484,S08000020,S99999999,S92000003,S99999999,S14000002,S15000001,S09000001,S22000047,S03000012,S31000935,S99999999,S01006514,S02001237,S99999999,S03000012,S99999999,S99999999,3,6A2,57.104777,-2.240001,S99999999,S99999999,S23000009,0
AB1 0EP,AB1  0EP,AB1 0EP,198001,199606,0,385143,801535,1,S00090400,S99999999,S12000033,S13002484,S08000020,S99999999,S92000003,S99999999,S14000002,S15000001,S09000001,S22000047,S03000012,S31000935,S99999999,S01006515,S02001237,S99999999,S03000012,S99999999,S99999999,6,1A2,57.104539,-2.246883,S99999999,S99999999,S23000009,0
AB1 0EQ,AB1  0EQ,AB1 0EQ,198001,199606,0,384432,801981,1,S00090400,S99999999,S12000033,S13002484,S08000020,S99999999,S92000003,S99999999,S14000002,S15000001,S09000001,S22000047,S03000012,S31000935,S99999999,S01006515,S02001237,S99999999,S03000012,S99999999,S99999999,6,1A2,57.108521,-2.258647,S99999999,S99999999,S23000009,0
AB1 0ER,AB1  0ER,AB1 0ER,198001,199606,0,384602,802808,1,S00090400,S99999999,S12000033,S13002484,S08000020,S99999999,S92000003,S99999999,S14000002,S15000001,S09000001,S22000047,S03000012,S31000935,S99999999,S01006515,S02001237,S99999999,S03000012,S99999999,S99999999,6,1A2,57.115956,-2.255892,S99999999,S99999999,S23000009,0
AB1 0ES,AB1  0ES,AB1 0ES,198001,199606,0,383466,803696,1,S00090400,S99999999,S12000033,S13002484,S08000020,S99999999,S92000003,S99999999,S14000002,S15000001,S09000001,S22000047,S03000012,S31000935,S99999999,S01006515,S02001237,S99999999,S03000012,S99999999,S99999999,6,1A2,57.123893,-2.274709,S99999999,S99999999,S23000009,0
AB1 0ET,AB1  0ET,AB1 0ET,198001,199606,0,384991,802660,1,S00090400,S99999999,S12000033,S13002484,S08000020,S99999999,S92000003,S99999999,S14000002,S15000001,S09000001,S22000047,S03000012,S31000935,S99999999,S01006515,S02001237,S99999999,S03000012,S99999999,S99999999,6,1A2,57.11464,-2.24946,S99999999,S99999999,S23000009,0
AB1 0EU,AB1  0EU,AB1 0EU,198001,199606,0,385546,801467,1,S00090305,S99999999,S12000033,S13002484,S08000020,S99999999,S92000003,S99999999,S14000002,S15000001,S09000001,S22000047,S03000012,S31000935,S99999999,S01006514,S02001237,S99999999,S03000012,S99999999,S99999999,3,6A2,57.103941,-2.240226,S99999999,S99999999,S23000009,0
AB1 0EW,AB1  0EW,AB1 0EW,198001,199606,0,385791,801781,1,S00090896,S99999999,S12000033,S13002484,S08000020,S99999999,S92000003,S99999999,S14000002,S15000001,S09000001,S22000047,S03000012,S31000935,S99999999,S01006514,S02001237,S99999999,S03000012,S99999999,S99999999,3,6A1,57.106769,-2.2362,S99999999,S99999999,S23000009,0
AB1 0EX,AB1  0EX,AB1 0EX,198001,199606,0,385413,803443,1,S00090400,S99999999,S12000033,S13002484,S08000020,S99999999,S92000003,S99999999,S14000002,S15000001,S09000001,S22000047,S03000012,S31000935,S99999999,S01006515,S02001237,S99999999,S03000012,S99999999,S99999999,6,1A2,57.121687,-2.242538,S99999999,S99999999,S23000009,0
AB1 0HA,AB1  0HA,AB1 0HA,198001,199606,0,385651,801327,1,S00090303,S99999999,S12000033,S13002484,S08000020,S99999999,S92000003,S99999999,S14000002,S15000001,S09000001,S22000047,S03000012,S31000935,S99999999,S01006514,S02001237,S99999999,S03000012,S99999999,S99999999,3,1C3,57.102686,-2.238485,S99999999,S99999999,S23000009,0
AB1 0HB,AB1  0HB,AB1 0HB,198001,199606,0,385826,801336,1,S00090303,S99999999,S12000033,S13002484,S08000020,S99999999,S92000003,S99999999,S14000002,S15000001,S09000001,S22000047,S03000012,S31000935,S99999999,S01006514,S02001237,S99999999,S03000012,S99999999,S99999999,3,1C3,57.102773,-2.235597,S99999999,S99999999,S23000009,0
AB1 0HD,AB1  0HD,AB1 0HD,198001,199606,0,385941,801443,1,S00090303,S99999999,S12000033,S13002484,S08000020,S99999999,S92000003,S99999999,S14000002,S15000001,S09000001,S22000047,S03000012,S31000935,S99999999,S01006514,S02001237,S99999999,S03000012,S99999999,S99999999,3,1C3,57.103737,-2.233705,S99999999,S99999999,S23000009,0
AB1 0HJ,AB1  0HJ,AB1 0HJ,198001,199606,0,385924,801562,1,S00090311,S99999999,S12000033,S13002484,S08000020,S99999999,S92000003,S99999999,S14000002,S15000001,S09000001,S22000047,S03000012,S31000935,S99999999,S01006513,S02001237,S99999999,S03000012,S99999999,S99999999,3,6B2,57.104806,-2.233992,S99999999,S99999999,S23000009,0
AB1 0HL,AB1  0HL,AB1 0HL,198001,199606,0,386255,801738,1,S00090304,S99999999,S12000033,S13002484,S08000020,S99999999,S92000003,S99999999,S14000002,S15000001,S09000001,S22000047,S03000012,S31000935,S99999999,S01006516,S02001237,S99999999,S03000012,S99999999,S99999999,3,6B4,57.106397,-2.228538,S99999999,S99999999,S23000009,0
AB1 0HN,AB1  0HN,AB1 0HN,198001,199606,0,386452,801865,1,S00090314,S99999999,S12000033,S13002484,S08000020,S99999999,S92000003,S99999999,S14000002,S15000001,S09000001,S22000047,S03000012,S31000935,S99999999,S01006513,S02001237,S99999999,S03000012,S99999999,S99999999,3,5B2,57.107544,-2.225293,S99999999,S99999999,S23000009,0
AB1 0HP,AB1  0HP,AB1 0HP,198001,199606,0,386186,801932,1,S00090314,S99999999,S12000033,S13002484,S08000020,S99999999,S92000003,S99999999,S14000002,S15000001,S09000001,S22000047,S03000012,S31000935,S99999999,S01006513,S02001237,S99999999,S03000012,S99999999,S99999999,3,5B2,57.108138,-2.229688,S99999999,S99999999,S23000009,0
AB1 0HQ,AB1  0HQ,AB1 0HQ,198001,199606,0,386473,802138,1,S00090314,S99999999,S12000033,S13002484,S08000020,S99999999,S92000003,S99999999,S14000002,S15000001,S09000001,S22000047,S03000012,S31000935,S99999999,S01006513,S02001237,S99999999,S03000012,S99999999,S99999999,3,5B2,57.109997,-2.224961,S99999999,S99999999,S23000009,0
AB1 0HR,AB1  0HR,AB1 0HR,198001,199606,1,386465,801931,1,S00090314,S99999999,S12000033,S13002484,S08000020,S99999999,S92000003,S99999999,S14000002,S15000001,S09000001,S22000047,S03000012,S31000935,S99999999,S01006513,S02001237,S99999999,S03000012,S99999999,S99999999,3,5B2,57.108137,-2.225082,S99999999,S99999999,S23000009,0
AB1 0HS,AB1  0HS,AB1 0HS,198001,199606,0,386647,802432,1,S00090394,S99999999,S12000033,S13002484,S08000020,S99999999,S92000003,S99999999,S14000002,S15000001,S09000001,S22000047,S03000012,S31000935,S99999999,S01006516,S02001237,S99999999,S03000012,S99999999,S99999999,6,6A3,57.112643,-2.222104,S99999999,S99999999,S23000009,0
AB1 0HT,AB1  0HT,AB1 0HT,198001,199606,0,386820,801800,8,S00090395,S99999999,S12000033,S13002484,S08000020,S99999999,S92000003,S99999999,S14000002,S15000001,S09000001,S22000047,S03000012,S31000935,S99999999,S01006516,S02001237,S99999999,S03000012,S99999999,S99999999,3,6A2,57.106971,-2.219214,S99999999,S99999999,S23000009,0
AB1 0HU,AB1  0HU,AB1 0HU,198001,199606,0,385966,801877,1,S00090312,S99999999,S12000033,S13002484,S08000020,S99999999,S92000003,S99999999,S14000002,S15000001,S09000001,S22000047,S03000012,S31000935,S99999999,S01006513,S02001237,S99999999,S03000012,S99999999,S99999999,3,6B4,57.107637,-2.233317,S99999999,S99999999,S23000009,0
AB1 0HX,AB1  0HX,AB1 0HX,198001,199606,0,386859,802419,1,S00090394,S99999999,S12000033,S13002484,S08000020,S99999999,S92000003,S99999999,S14000002,S15000001,S09000001,S22000047,S03000012,S31000935,S99999999,S01006516,S02001237,S99999999,S03000012,S99999999,S99999999,6,6A3,57.112532,-2.218603,S99999999,S99999999,S23000009,0
AB1 0JA,AB1  0JA,AB1 0JA,198001,199606,0,386281,801996,1,S00090313,S99999999,S12000033,S13002484,S08000020,S99999999,S92000003,S99999999,S14000002,S15000001,S09000001,S22000047,S03000012,S31000935,S99999999,S01006515,S02001237,S99999999,S03000012,S99999999,S99999999,3,6A4,57.108715,-2.228123,S99999999,S99999999,S23000009,0
AB1 0JB,AB1  0JB,AB1 0JB,198001,199606,0,386022,801990,1,S00090313,S99999999,S12000033,S13002484,S08000020,S99999999,S92000003,S99999999,S14000002,S15000001,S09000001,S22000047,S03000012,S31000935,S99999999,S01006515,S02001237,S99999999,S03000012,S99999999,S99999999,3,6A4,57.108654,-2.232398,S99999999,S99999999,S23000009,0
AB1 0JD,AB1  0JD,AB1 0JD,198001,199606,0,386013,802104,1,S00090308,S99999999,S12000033,S13002484,S08000020,S99999999,S92000003,S99999999,S14000002,S15000001,S09000001,S22000047,S03000012,S31000935,S99999999,S01006515,S02001237,S99999999,S03000012,S99999999,S99999999,3,6A4,57.109677,-2.232553,S99999999,S99999999,S23000009,0
AB1 0JE,AB1  0JE,AB1 0JE,198001,199606,0,385750,802016,1,S00090307,S99999999,S12000033,S13002484,S08000020,S99999999,S92000003,S99999999,S14000002,S15000001,S09000001,S22000047,S03000012,S31000935,S99999999,S01006515,S02001237,S99999999,S03000012,S99999999,S99999999,3,6A1,57.108879,-2.23689,S99999999,S99999999,S23000009,0
AB1 0JG,AB1  0JG,AB1 0JG,199006,199606,0,385739,802233,1,S00090309,S99999999,S12000033,S13002484,S08000020,S99999999,S92000003,S99999999,S14000002,S15000001,S09000001,S22000047,S03000012,S31000935,S99999999,S01006515,S02001237,S99999999,S03000012,S99999999,S99999999,3,6A2,57.110828,-2.237084,S99999999,S99999999,S23000009,0
AB1 0JH,AB1  0JH,AB1 0JH,198001,199606,0,386069,802238,1,S00090308,S99999999,S12000033,S13002484,S08000020,S99999999,S92000003,S99999999,S14000002,S15000001,S09000001,S22000047,S03000012,S31000935,S99999999,S01006515,S02001237,S99999999,S03000012,S99999999,S99999999,3,6A4,57.110883,-2.231636,S99999999,S99999999,S23000009,0
AB1 0JJ,AB1  0JJ,AB1 0JJ,198001,199606,0,386071,802185,1,S00090308,S99999999,S12000033,S13002484,S08000020,S99999999,S92000003,S99999999,S14000002,S15000001,S09000001,S22000047,S03000012,S31000935,S99999999,S01006515,S02001237,S99999999,S03000012,S99999999,S99999999,3,6A4,57.110407,-2.2316,S99999999,S99999999,S23000009,0
AB1 0JL,AB1  0JL,AB1 0JL,198001,199606,0,385750,802464,1,S00090400,S99999999,S12000033,S13002484,S08000020,S99999999,S92000003,S99999999,S14000002,S15000001,S09000001,S22000047,S03000012,S31000935,S99999999,S01006515,S02001237,S99999999,S03000012,S99999999,S99999999,6,1A2,57.112903,-2.236916,S99999999,S99999999,S23000009,0
AB1 0JN,AB1  0JN,AB1 0JN,198001,199607,0,385320,802220,8,S00090400,S99999999,S12000033,S13002484,S08000020,S99999999,S92000003,S99999999,S14000002,S15000001,S09000001,S22000047,S03000012,S31000935,S99999999,S01006515,S02001237,S99999999,S03000012,S99999999,S99999999,6,1A2,57.110698,-2.244001,S99999999,S99999999,S23000009,0
AB1 0JP,AB1  0JP,AB1 0JP,198001,199606,0,386595,801770,1,S00090382,S99999999,S12000033,S13002484,S08000020,S99999999,S92000003,S99999999,S14000002,S15000001,S09000001,S22000047,S03000012,S31000935,S99999999,S01006516,S02001237,S99999999,S03000012,S99999999,S99999999,3,1A3,57.106695,-2.222927,S99999999,S99999999,S23000009,0
AB1 0JQ,AB1  0JQ,AB1 0JQ,198001,199606,0,386803,801652,1,S00090395,S99999999,S12000033,S13002484,S08000020,S99999999,S92000003,S99999999,S14000002,S15000001,S09000001,S22000047,S03000012,S31000935,S99999999,S01006516,S02001237,S99999999,S03000012,S99999999,S99999999,3,6A2,57.105641,-2.219487,S99999999,S99999999,S23000009,0
AB1 0JR,AB1  0JR,AB1 0JR,198001,199606,0,386774,801585,1,S00090395,S99999999,S12000033,S13002484,S08000020,S99999999,S92000003,S99999999,S14000002,S15000001,S09000001,S22000047,S03000012,S31000935,S99999999,S01006516,S02001237,S99999999,S03000012,S99999999,S99999999,3,6A2,57.105038,-2.219962,S99999999,S99999999,S23000009,0
AB1 0JS,AB1  0JS,AB1 0JS,198001,199606,0,386584,801718,1,S00090382,S99999999,S12000033,S13002484,S08000020,S99999999,S92000003,S99999999,S14000002,S15000001,S09000001,S22000047,S03000012,S31000935,S99999999,S01006516,S02001237,S99999999,S03000012,S99999999,S99999999,3,1A3,57.106227,-2.223106,S99999999,S99999999,S23000009,0
AB1 0JT,AB1  0JT,AB1 0JT,198511,199606,0,385866,802226,1,S00090307,S99999999,S12000033,S13002484,S08000020,S99999999,S92000003,S99999999,S14000002,S15000001,S09000001,S22000047,S03000012,S31000935,S99999999,S01006515,S02001237,S99999999,S03000012,S99999999,S99999999,3,6A1,57.110769,-2.234987,S99999999,S99999999,S23000009,0
AB1 0JU,AB1  0JU,AB1 0JU,198511,199606,0,385921,802363,1,S00090307,S99999999,S12000033,S13002484,S08000020,S99999999,S92000003,S99999999,S14000002,S15000001,S09000001,S22000047,S03000012,S31000935,S99999999,S01006515,S02001237,S99999999,S03000012,S99999999,S99999999,3,6A1,57.112001,-2.234087,S99999999,S99999999,S23000009,0
AB1 0JW,AB1  0JW,AB1 0JW,198511,199606,0,385836,802294,1,S00090307,S99999999,S12000033,S13002484,S08000020,S99999999,S92000003,S99999999,S14000002,S15000001,S09000001,S22000047,S03000012,S31000935,S99999999,S01006515,S02001237,S99999999,S03000012,S99999999,S99999999,3,6A1,57.111379,-2.235486,S99999999,S99999999,S23000009,0
AB1 0JX,AB1  0JX,AB1 0JX,199009,199606,0,385822,802264,1,S00090309,S99999999,S12000033,S13002484,S08000020,S99999999,S92000003,S99999999,S14000002,S15000001,S09000001,S22000047,S03000012,S31000935,S99999999,S01006515,S02001237,S99999999,S03000012,S99999999,S99999999,3,6A2,57.111109,-2.235716,S99999999,S99999999,S23000009,0
AB1 0JY,AB1  0JY,AB1 0JY,199006,199606,0,385608,802163,1,S00090309,S99999999,S12000033,S13002484,S08000020,S99999999,S92000003,S99999999,S14000002,S15000001,S09000001,S22000047,S03000012,S31000935,S99999999,S01006515,S02001237,S99999999,S03000012,S99999999,S99999999,3,6A2,57.110195,-2.239243,S99999999,S99999999,S23000009,0
AB1 0JZ,AB1  0JZ,AB1 0JZ,199006,199606,0,385717,802212,1,S00090309,S99999999,S12000033,S13002484,S08000020,S99999999,S92000003,S99999999,S14000002,S15000001,S09000001,S22000047,S03000012,S31000935,S99999999,S01006515,S02001237,S99999999,S03000012,S99999999,S99999999,3,6A2,57.110638,-2.237446,S99999999,S99999999,S23000009,0
AB1 0LA,AB1  0LA,AB1 0LA,198001,199606,0,383616,801140,1,S00090290,S99999999,S12000033,S13002484,S08000020,S99999999,S92000003,S99999999,S14000002,S15000001,S09000001,S22000047,S03000012,S31000934,S99999999,S01006508,S02001236,S99999999,S03000012,S99999999,S99999999,3,7A1,57.100938,-2.272063,S99999999,S99999999,S23000009,0
AB1 0LB,AB1  0LB,AB1 0LB,198001,199606,0,383539,801232,1,S00090288,S99999999,S12000033,S13002484,S08000020,S99999999,S92000003,S99999999,S14000002,S15000001,S09000001,S22000047,S03000012,S31000934,S99999999,S01006507,S02001236,S99999999,S03000012,S99999999,S99999999,3,7C1,57.101762,-2.27334,S99999999,S99999999,S23000009,0
AB1 0LD,AB1  0LD,AB1 0LD,198001,199606,0,383624,801298,1,S00090891,S99999999,S12000033,S13002484,S08000020,S99999999,S92000003,S99999999,S14000002,S15000001,S09000001,S22000047,S03000012,S31000934,S99999999,S01006507,S02001236,S99999999,S03000012,S99999999,S99999999,3,8C3,57.102358,-2.271941,S99999999,S99999999,S23000009,0
AB1 0LE,AB1  0LE,AB1 0LE,199201,199606,0,383543,800383,1,S00090888,S99999999,S12000033,S13002484,S08000020,S99999999,S92000003,S99999999,S14000002,S15000001,S09000001,S22000047,S03000012,S31000934,S99999999,S01006506,S02001236,S99999999,S03000012,S99999999,S99999999,3,7A2,57.094135,-2.273218,S99999999,S99999999,S23000009,0
AB1 0LJ,AB1  0LJ,AB1 0LJ,198001,199606,0,384141,800394,1,S00088963,S99999999,S12000033,S13002484,S08000020,S99999999,S92000003,S99999999,S14000002,S15000001,S09000001,S22000047,S03000012,S31000934,S99999999,S01006506,S02001236,S99999999,S03000012,S99999999,S99999999,6,1A2,57.094255,-2.26335,S99999999,S99999999,S23000009,0
AB1 0LL,AB1  0LL,AB1 0LL,198001,199606,0,383814,800304,1,S00088963,S99999999,S12000033,S13002484,S08000020,S99999999,S92000003,S99999999,S14000002,S15000001,S09000001,S22000047,S03000012,S31000934,S99999999,S01006506,S02001236,S99999999,S03000012,S99999999,S99999999,6,1A2,57.093435,-2.26874,S99999999,S99999999,S23000009,0
AB1 0LN,AB1  0LN,AB1 0LN,198001,199606,0,383823,799730,1,S00088963,S99999999,S12000033,S13002484,S08000020,S99999999,S92000003,S99999999,S14000002,S15000001,S09000001,S22000047,S03000012,S31000934,S99999999,S01006506,S02001236,S99999999,S03000012,S99999999,S99999999,6,1A2,57.08828,-2.268555,S99999999,S99999999,S23000009,0
AB1 0LP,AB1  0LP,AB1 0LP,198001,199606,0,383750,800340,8,S00088964,S99999999,S12000033,S13002484,S08000020,S99999999,S92000003,S99999999,S14000002,S15000001,S09000001,S22000047,S03000012,S31000934,S99999999,S01006506,S02001236,S99999999,S03000012,S99999999,S99999999,3,6A4,57.093757,-2.269799,S99999999,S99999999,S23000009,0
AB1 0LQ,AB1  0LQ,AB1 0LQ,198001,199606,0,383530,800385,3,S00090888,S99999999,S12000033,S13002484,S08000020,S99999999,S92000003,S99999999,S14000002,S15000001,S09000001,S22000047,S03000012,S31000934,S99999999,S01006506,S02001236,S99999999,S03000012,S99999999,S99999999,3,7A2,57.094153,-2.273432,S99999999,S99999999,S23000009,0
AB1 0LR,AB1  0LR,AB1 0LR,198001,199606,0,383583,800488,1,S00090888,S99999999,S12000033,S13002484,S08000020,S99999999,S92000003,S99999999,S14000002,S15000001,S09000001,S22000047,S03000012,S31000934,S99999999,S01006506,S02001236,S99999999,S03000012,S99999999,S99999999,3,7A2,57.09508,-2.272565,S99999999,S99999999,S23000009,0
AB1 0LS,AB1  0LS,AB1 0LS,198001,199606,0,383429,800365,1,S00088963,S99999999,S12000033,S13002484,S08000020,S99999999,S92000003,S99999999,S14000002,S15000001,S09000001,S22000047,S03000012,S31000934,S99999999,S01006506,S02001236,S99999999,S03000012,S99999999,S99999999,6,1A2,57.09397,-2.275098,S99999999,S99999999,S23000009,0
AB1 0LT,AB1  0LT,AB1 0LT,198001,199606,0,382324,799779,1,S00091391,S99999999,S12000034,S13002506,S08000020,S99999999,S92000003,S99999999,S14000058,S15000001,S09000001,S22000047,S03000013,S31001005,S99999999,S01006857,S02001296,S99999999,S03000013,S99999999,S99999999,6,1A2,57.088664,-2.293291,S99999999,S99999999,S23000009,0
AB1 0LX,AB1  0LX,AB1 0LX,198001,199606,0,383588,800702,1,S00090919,S99999999,S12000033,S13002484,S08000020,S99999999,S92000003,S99999999,S14000002,S15000001,S09000001,S22000047,S03000012,S31000934,S99999999,S01006508,S02001236,S99999999,S03000012,S99999999,S99999999,3,7C1,57.097003,-2.272496,S99999999,S99999999,S23000009,0
AB1 0NA,AB1  0NA,AB1 0NA,198001,199606,0,383512,800889,1,S00090385,S99999999,S12000033,S13002484,S08000020,S99999999,S92000003,S99999999,S14000002,S15000001,S09000001,S22000047,S03000012,S31000934,S99999999,S01006508,S02001236,S99999999,S03000012,S99999999,S99999999,3,5B3,57.09868,-2.273763,S99999999,S99999999,S23000009,0
AB1 0NB,AB1  0NB,AB1 0NB,198001,199606,0,382818,801303,1,S00091391,S99999999,S12000034,S13002506,S08000020,S99999999,S92000003,S99999999,S14000058,S15000001,S09000001,S22000047,S03000013,S31001005,S99999999,S01006857,S02001296,S99999999,S03000013,S99999999,S99999999,6,1A2,57.102373,-2.285246,S99999999,S99999999,S23000009,0
AB1 0ND,AB1  0ND,AB1 0ND,198001,199606,0,382257,801366,1,S00091391,S99999999,S12000034,S13002506,S08000020,S99999999,S92000003,S99999999,S14000058,S15000001,S09000001,S22000047,S03000013,S31001005,S99999999,S01006857,S02001296,S99999999,S03000013,S99999999,S99999999,6,1A2,57.102918,-2.29451,S99999999,S99999999,S23000009,0
AB1 0NE,AB1  0NE,AB1 0NE,198001,199606,0,384443,801205,1,S00090381,S99999999,S12000033,S13002484,S08000020,S99999999,S92000003,S99999999,S14000002,S15000001,S09000001,S22000047,S03000012,S31000934,S99999999,S01006511,S02001236,S99999999,S03000012,S99999999,S99999999,3,6B3,57.101551,-2.258417,S99999999,S99999999,S23000009,0
AB1 0NJ,AB1  0NJ,AB1 0NJ,198001,199606,0,382494,801425,1,S00090510,S99999999,S12000033,S13002484,S08000020,S99999999,S92000003,S99999999,S14000002,S15000001,S09000001,S22000047,S03000012,S31000934,S99999999,S01006512,S02001236,S99999999,S03000012,S99999999,S99999999,6,6A2,57.103457,-2.290602,S99999999,S99999999,S23000009,0
AB1 0NL,AB1  0NL,AB1 0NL,198001,199606,0,383174,801616,1,S00090510,S99999999,S12000033,S13002484,S08000020,S99999999,S92000003,S99999999,S14000002,S15000001,S09000001,S22000047,S03000012,S31000934,S99999999,S01006512,S02001236,S99999999,S03000012,S99999999,S99999999,6,6A2,57.105198,-2.279391,S99999999,S99999999,S23000009,0
AB1 0NN,AB1  0NN,AB1 0NN,198001,199606,0,383320,801500,8,S00090916,S99999999,S12000033,S13002484,S08000020,S99999999,S92000003,S99999999,S14000002,S15000001,S09000001,S22000047,S03000012,S31000934,S99999999,S01006507,S02001236,S99999999,S03000012,S99999999,S99999999,3,6A4,57.104161,-2.276973,S99999999,S99999999,S23000009,0
AB1 0NP,AB1  0NP,AB1 0NP,198001,199606,0,383704,801567,1,S00090890,S99999999,S12000033,S13002484,S08000020,S99999999,S92000003,S99999999,S14000002,S15000001,S09000001,S22000047,S03000012,S31000934,S99999999,S01006512,S02001236,S99999999,S03000012,S99999999,S99999999,3,1A2,57.104777,-2.270638,S99999999,S99999999,S23000009,0
AB1 0NQ,AB1  0NQ,AB1 0NQ,198001,199606,0,384430,801370,8,S00090381,S99999999,S12000033,S13002484,S08000020,S99999999,S92000003,S99999999,S14000002,S15000001,S09000001,S22000047,S03000012,S31000934,S99999999,S01006511,S02001236,S99999999,S03000012,S99999999,S99999999,3,6B3,57.103033,-2.258642,S99999999,S99999999,S23000009,0
AB1 0NR,AB1  0NR,AB1 0NR,198001,199512,1,384430,801370,8,S00090381,S99999999,S12000033,S13002484,S08000020,S99999999,S92000003,S99999999,S14000002,S15000001,S09000001,S22000047,S03000012,S31000934,S99999999,S01006511,S02001236,S99999999,S03000012,S99999999,S99999999,3,6B3,57.103033,-2.258642,S99999999,S99999999,S23000009,0
AB1 0NS,AB1  0NS,AB1 0NS,198001,199606,0,383788,801883,1,S00090401,S99999999,S12000033,S13002484,S08000020,S99999999,S92000003,S99999999,S14000002,S15000001,S09000001,S22000047,S03000012,S31000934,S99999999,S01006512,S02001236,S99999999,S03000012,S99999999,S99999999,6,1A2,57.107619,-2.269272,S99999999,S99999999,S23000009,0
AB1 0NT,AB1  0NT,AB1 0NT,198001,199606,0,383365,801922,1,S00090401,S99999999,S12000033,S13002484,S08000020,S99999999,S92000003,S99999999,S14000002,S15000001,S09000001,S22000047,S03000012,S31000934,S99999999,S01006512,S02001236,S99999999,S03000012,S99999999,S99999999,6,1A2,57.107954,-2.276258,S99999999,S99999999,S23000009,0
AB1 0NX,AB1  0NX,AB1 0NX,198001,199606,0,382750,801800,8,S00090401,S99999999,S12000033,S13002484,S08000020,S99999999,S92000003,S99999999,S14000002,S15000001,S09000001,S22000047,S03000012,S31000934,S99999999,S01006512,S02001236,S99999999,S03000012,S99999999,S99999999,6,1A2,57.106835,-2.286402,S99999999,S99999999,S23000009,0
AB1 0PA,AB1  0PA,AB1 0PA,198001,199606,0,382810,802260,8,S00090401,S99999999,S12000033,S13002484,S08000020,S99999999,S92000003,S99999999,S14000002,S15000001,S09000001,S22000047,S03000012,S31000934,S99999999,S01006512,S02001236,S99999999,S03000012,S99999999,S99999999,6,1A2,57.110969,-2.285444,S99999999,S99999999,S23000009,0
AB1 0PB,AB1  0PB,AB1 0PB,198001,199606,0,382130,803832,1,S00090510,S99999999,S12000033,S13002484,S08000020,S99999999,S92000003,S99999999,S14000002,S15000001,S09000001,S22000047,S03000012,S31000934,S99999999,S01006512,S02001236,S99999999,S03000012,S99999999,S99999999,6,6A2,57.125065,-2.296784,S99999999,S99999999,S23000009,0
AB1 0PD,AB1  0PD,AB1 0PD,198001,199606,0,382251,803173,1,S00090510,S99999999,S12000033,S13002484,S08000020,S99999999,S92000003,S99999999,S14000002,S15000001,S09000001,S22000047,S03000012,S31000934,S99999999,S01006512,S02001236,S99999999,S03000012,S99999999,S99999999,6,6A2,57.11915,-2.294738,S99999999,S99999999,S23000009,0
AB1 0PE,AB1  0PE,AB1 0PE,198001,199606,0,383118,804032,1,S00090401,S99999999,S12000033,S13002484,S08000020,S99999999,S92000003,S99999999,S14000002,S15000001,S09000001,S22000047,S03000012,S31000934,S99999999,S01006512,S02001236,S99999999,S03000012,S99999999,S99999999,6,1A2,57.126899,-2.280479,S99999999,S99999999,S23000009,0
AB1 0PG,AB1  0PG,AB1 0PG,198001,199606,0,382740,802040,8,S00090401,S99999999,S12000033,S13002484,S08000020,S99999999,S92000003,S99999999,S14000002,S15000001,S09000001,S22000047,S03000012,S31000934,S99999999,S01006512,S02001236,S99999999,S03000012,S99999999,S99999999,6,1A2,57.108991,-2.286584,S99999999,S99999999,S23000009,0
AB1 0PJ,AB1  0PJ,AB1 0PJ,198001,199606,0,382439,801985,1,S00090510,S99999999,S12000033,S13002484,S08000020,S99999999,S92000003,S99999999,S14000002,S15000001,S09000001,S22000047,S03000012,S31000934,S99999999,S01006512,S02001236,S99999999,S03000012,S99999999,S99999999,6,6A2,57.108485,-2.29155,S99999999,S99999999,S23000009,0
AB1 0PL,AB1  0PL,AB1 0PL,198001,199606,0,382407,801940,1,S00090510,S99999999,S12000033,S13002484,S08000020,S99999999,S92000003,S99999999,S14000002,S15000001,S09000001,S22000047,S03000012,S31000934,S99999999,S01006512,S02001236,S99999999,S03000012,S99999999,S99999999,6,6A2,57.10808,-2.292075,S99999999,S99999999,S23000009,0
AB1 0PN,AB1  0PN,AB1 0PN,198001,199606,0,381585,801742,1,S00090510,S99999999,S12000033,S13002484,S08000020,S99999999,S92000003,S99999999,S14000002,S15000001,S09000001,S22000047,S03000012,S31000934,S99999999,S01006512,S02001236,S99999999,S03000012,S99999999,S99999999,6,6A2,57.106269,-2.30563,S99999999,S99999999,S23000009,0
AB1 0PP,AB1  0PP,AB1 0PP,198001,199606,0,380530,802234,1,S00090509,S99999999,S12000033,S13002484,S08000020,S99999999,S92000003,S99999999,S14000002,S15000001,S09000001,S22000047,S03000012,S31000934,S99999999,S01006512,S02001236,S99999999,S03000012,S99999999,S99999999,6,1A3,57.110644,-2.323084,S99999999,S99999999,S23000009,0
AB1 0PQ,AB1  0PQ,AB1 0PQ,198001,199606,0,379668,802104,1,S00090509,S99999999,S12000033,S13002484,S08000020,S99999999,S92000003,S99999999,S14000002,S15000001,S09000001,S22000047,S03000012,S31000934,S99999999,S01006512,S02001236,S99999999,S03000012,S99999999,S99999999,6,1A3,57.109439,-2.337305,S99999999,S99999999,S23000009,0
AB1 0PR,AB1  0PR,AB1 0PR,198001,199606,0,380103,803423,1,S00090509,S99999999,S12000033,S13002484,S08000020,S99999999,S92000003,S99999999,S14000002,S15000001,S09000001,S22000047,S03000012,S31000934,S99999999,S01006512,S02001236,S99999999,S03000012,S99999999,S99999999,6,1A3,57.121307,-2.330229,S99999999,S99999999,S23000009,0
AB1 0PS,AB1  0PS,AB1 0PS,198511,199606,1,384100,800580,8,S00090285,S99999999,S12000033,S13002484,S08000020,S99999999,S92000003,S99999999,S14000002,S15000001,S09000001,S22000047,S03000012,S31000934,S99999999,S01006510,S02001236,S99999999,S03000012,S99999999,S99999999,3,5B3,57.095925,-2.264038,S99999999,S99999999,S23000009,0
AB1 0PT,AB1  0PT,AB1 0PT,198001,199606,0,384067,800469,1,S00090889,S99999999,S12000033,S13002484,S08000020,S99999999,S92000003,S99999999,S14000002,S15000001,S09000001,S22000047,S03000012,S31000934,S99999999,S01006506,S02001236,S99999999,S03000012,S99999999,S99999999,3,5B3,57.094927,-2.264576,S99999999,S99999999,S23000009,0
AB1 0PU,AB1  0PU,AB1 0PU,198511,199606,0,384092,800407,1,S00090889,S99999999,S12000033,S13002484,S08000020,S99999999,S92000003,S99999999,S14000002,S15000001,S09000001,S22000047,S03000012,S31000934,S99999999,S01006506,S02001236,S99999999,S03000012,S99999999,S99999999,3,5B3,57.09437,-2.264159,S99999999,S99999999,S23000009,0
AB1 0PX,AB1  0PX,AB1 0PX,198001,199606,0,384057,800523,1,S00090377,S99999999,S12000033,S13002484,S08000020,S99999999,S92000003,S99999999,S14000002,S15000001,S09000001,S22000047,S03000012,S31000934,S99999999,S01006506,S02001236,S99999999,S03000012,S99999999,S99999999,3,5B1,57.095411,-2.264744,S99999999,S99999999,S23000009,0
AB1 0QA,AB1  0QA,AB1 0QA,197308,199006,0,384050,800510,8,S00090377,S99999999,S12000033,S13002484,S08000020,S99999999,S92000003,S99999999,S14000002,S15000001,S09000001,S22000047,S03000012,S31000934,S99999999,S01006506,S02001236,S99999999,S03000012,S99999999,S99999999,3,5B1,57.095294,-2.264859,S99999999,S99999999,S23000009,0
AB1 0QB,AB1  0QB,AB1 0QB,198001,199606,0,384255,800653,1,S00090380,S99999999,S12000033,S13002484,S08000020,S99999999,S92000003,S99999999,S14000002,S15000001,S09000001,S22000047,S03000012,S31000934,S99999999,S01006510,S02001236,S99999999,S03000012,S99999999,S99999999,3,6A4,57.096586,-2.261485,S99999999,S99999999,S23000009,0
AB1 0QD,AB1  0QD,AB1 0QD,198001,199606,0,384318,800723,1,S00090380,S99999999,S12000033,S13002484,S08000020,S99999999,S92000003,S99999999,S14000002,S15000001,S09000001,S22000047,S03000012,S31000934,S99999999,S01006510,S02001236,S99999999,S03000012,S99999999,S99999999,3,6A4,57.097217,-2.26045,S99999999,S99999999,S23000009,0
AB1 0QG,AB1  0QG,AB1 0QG,199009,199606,0,384165,800695,1,S00090380,S99999999,S12000033,S13002484,S08000020,S99999999,S92000003,S99999999,S14000002,S15000001,S09000001,S22000047,S03000012,S31000934,S99999999,S01006510,S02001236,S99999999,S03000012,S99999999,S99999999,3,6A4,57.09696,-2.262973,S99999999,S99999999,S23000009,0
AB1 0QJ,AB1  0QJ,AB1 0QJ,198001,199606,0,384279,800786,1,S00090380,S99999999,S12000033,S13002484,S08000020,S99999999,S92000003,S99999999,S14000002,S15000001,S09000001,S22000047,S03000012,S31000934,S99999999,S01006510,S02001236,S99999999,S03000012,S99999999,S99999999,3,6A4,57.097781,-2.261097,S99999999,S99999999,S23000009,0
AB1 0QL,AB1  0QL,AB1 0QL,198001,199606,0,384496,800672,1,S00090299,S99999999,S12000033,S13002484,S08000020,S99999999,S92000003,S99999999,S14000002,S15000001,S09000001,S22000047,S03000012,S31000934,S99999999,S01006511,S02001236,S99999999,S03000012,S99999999,S99999999,3,6A4,57.096765,-2.257509,S99999999,S99999999,S23000009,0
AB1 0QN,AB1  0QN,AB1 0QN,198001,199606,0,384495,800738,1,S00090299,S99999999,S12000033,S13002484,S08000020,S99999999,S92000003,S99999999,S14000002,S15000001,S09000001,S22000047,S03000012,S31000934,S99999999,S01006511,S02001236,S99999999,S03000012,S99999999,S99999999,3,6A4,57.097358,-2.25753,S99999999,S99999999,S23000009,0
AB1 0QP,AB1  0QP,AB1 0QP,198001,199606,0,384652,800834,1,S00090300,S99999999,S12000033,S13002484,S08000020,S99999999,S92000003,S99999999,S14000002,S15000001,S09000001,S22000047,S03000012,S31000934,S99999999,S01006511,S02001236,S99999999,S03000012,S99999999,S99999999,3,8C1,57.098225,-2.254944,S99999999,S99999999,S23000009,0
AB1 0QQ,AB1  0QQ,AB1 0QQ,198001,199606,0,384738,800895,1,S00090399,S99999999,S12000033,S13002484,S08000020,S99999999,S92000003,S99999999,S14000002,S15000001,S09000001,S22000047,S03000012,S31000934,S99999999,S01006514,S02001237,S99999999,S03000012,S99999999,S99999999,3,6A1,57.098776,-2.253529,S99999999,S99999999,S23000009,0
AB1 0QR,AB1  0QR,AB1 0QR,198001,199606,0,384748,800764,1,S00090300,S99999999,S12000033,S13002484,S08000020,S99999999,S92000003,S99999999,S14000002,S15000001,S09000001,S22000047,S03000012,S31000934,S99999999,S01006511,S02001236,S99999999,S03000012,S99999999,S99999999,3,8C1,57.0976,-2.253356,S99999999,S99999999,S23000009,0
AB1 0QS,AB1  0QS,AB1 0QS,198001,199606,0,384806,800795,1,S00090399,S99999999,S12000033,S13002484,S08000020,S99999999,S92000003,S99999999,S14000002,S15000001,S09000001,S22000047,S03000012,S31000934,S99999999,S01006514,S02001237,S99999999,S03000012,S99999999,S99999999,3,6A1,57.09788,-2.2524,S99999999,S99999999,S23000009,0
AB1 0QT,AB1  0QT,AB1 0QT,198001,199606,0,384616,800893,1,S00090300,S99999999,S12000033,S13002484,S08000020,S99999999,S92000003,S99999999,S14000002,S15000001,S09000001,S22000047,S03000012,S31000934,S99999999,S01006511,S02001236,S99999999,S03000012,S99999999,S99999999,3,8C1,57.098754,-2.255542,S99999999,S99999999,S23000009,0
AB1 0QX,AB1  0QX,AB1 0QX,198001,199606,0,384709,800909,1,S00090399,S99999999,S12000033,S13002484,S08000020,S99999999,S92000003,S99999999,S14000002,S15000001,S09000001,S22000047,S03000012,S31000934,S99999999,S01006514,S02001237,S99999999,S03000012,S99999999,S99999999,3,6A1,57.098901,-2.254008,S99999999,S99999999,S23000009,0
AB1 0RA,AB1  0RA,AB1 0RA,198001,199606,0,384625,800947,1,S00090399,S99999999,S12000033,S13002484,S08000020,S99999999,S92000003,S99999999,S14000002,S15000001,S09000001,S22000047,S03000012,S31000934,S99999999,S01006514,S02001237,S99999999,S03000012,S99999999,S99999999,3,6A1,57.099239,-2.255397,S99999999,S99999999,S23000009,0
AB1 0RB,AB1  0RB,AB1 0RB,198001,199606,0,384507,801016,1,S00090301,S99999999,S12000033,S13002484,S08000020,S99999999,S92000003,S99999999,S14000002,S15000001,S09000001,S22000047,S03000012,S31000934,S99999999,S01006511,S02001236,S99999999,S03000012,S99999999,S99999999,3,6A3,57.099855,-2.257349,S99999999,S99999999,S23000009,0
AB1 0RD,AB1  0RD,AB1 0RD,198001,199606,0,384508,801111,1,S00090302,S99999999,S12000033,S13002484,S08000020,S99999999,S92000003,S99999999,S14000002,S15000001,S09000001,S22000047,S03000012,S31000934,S99999999,S01006511,S02001236,S99999999,S03000012,S99999999,S99999999,3,6A3,57.100709,-2.257338,S99999999,S99999999,S23000009,0
AB1 0RE,AB1  0RE,AB1 0RE,198001,199606,0,383944,801259,1,S00090294,S99999999,S12000033,S13002484,S08000020,S99999999,S92000003,S99999999,S14000002,S15000001,S09000001,S22000047,S03000012,S31000934,S99999999,S01006507,S02001236,S99999999,S03000012,S99999999,S99999999,3,8B2,57.102019,-2.266657,S99999999,S99999999,S23000009,0
AB1 0RF,AB1  0RF,AB1 0RF,199210,199606,0,383871,801391,1,S00090296,S99999999,S12000033,S13002484,S08000020,S99999999,S92000003,S99999999,S14000002,S15000001,S09000001,S22000047,S03000012,S31000934,S99999999,S01006507,S02001236,S99999999,S03000012,S99999999,S99999999,3,8B2,57.103202,-2.26787,S99999999,S99999999,S23000009,0
AB1 0RH,AB1  0RH,AB1 0RH,198001,199606,0,383902,801270,1,S00090294,S99999999,S12000033,S13002484,S08000020,S99999999,S92000003,S99999999,S14000002,S15000001,S09000001,S22000047,S03000012,S31000934,S99999999,S01006507,S02001236,S99999999,S03000012,S99999999,S99999999,3,8B2,57.102116,-2.267351,S99999999,S99999999,S23000009,0
AB1 0RJ,AB1  0RJ,AB1 0RJ,198001,199606,0,384609,801080,1,S00090301,S99999999,S12000033,S13002484,S08000020,S99999999,S92000003,S99999999,S14000002,S15000001,S09000001,S22000047,S03000012,S31000934,S99999999,S01006511,S02001236,S99999999,S03000012,S99999999,S99999999,3,6A3,57.100434,-2.255669,S99999999,S99999999,S23000009,0
AB1 0RL,AB1  0RL,AB1 0RL,198001,199606,0,384513,801078,1,S00090302,S99999999,S12000033,S13002484,S08000020,S99999999,S92000003,S99999999,S14000002,S15000001,S09000001,S22000047,S03000012,S31000934,S99999999,S01006511,S02001236,S99999999,S03000012,S99999999,S99999999,3,6A3,57.100412,-2.257254,S99999999,S99999999,S23000009,0
AB1 0RN,AB1  0RN,AB1 0RN,198001,199606,0,384308,800972,1,S00090895,S99999999,S12000033,S13002484,S08000020,S99999999,S92000003,S99999999,S14000002,S15000001,S09000001,S22000047,S03000012,S31000934,S99999999,S01006511,S02001236,S99999999,S03000012,S99999999,S99999999,3,8A2,57.099453,-2.260631,S99999999,S99999999,S23000009,0
AB1 0RP,AB1  0RP,AB1 0RP,198001,199606,0,384453,800914,1,S00090894,S99999999,S12000033,S13002484,S08000020,S99999999,S92000003,S99999999,S14000002,S15000001,S09000001,S22000047,S03000012,S31000934,S99999999,S01006511,S02001236,S99999999,S03000012,S99999999,S99999999,3,8C1,57.098937,-2.258234,S99999999,S99999999,S23000009,0
AB1 0RQ,AB1  0RQ,AB1 0RQ,198001,199606,0,384510,800868,1,S00090894,S99999999,S12000033,S13002484,S08000020,S99999999,S92000003,S99999999,S14000002,S15000001,S09000001,S22000047,S03000012,S31000934,S99999999,S01006511,S02001236,S99999999,S03000012,S99999999,S99999999,3,8C1,57.098526,-2.25729,S99999999,S99999999,S23000009,0
AB1 0RR,AB1  0RR,AB1 0RR,198001,199606,0,384108,800589,1,S00090285,S99999999,S12000033,S13002484,S08000020,S99999999,S92000003,S99999999,S14000002,S15000001,S09000001,S22000047,S03000012,S31000934,S99999999,S01006510,S02001236,S99999999,S03000012,S99999999,S99999999,3,5B3,57.096006,-2.263907,S99999999,S99999999,S23000009,0
AB1 0RS,AB1  0RS,AB1 0RS,198001,199606,0,384091,800634,1,S00090285,S99999999,S12000033,S13002484,S08000020,S99999999,S92000003,S99999999,S14000002,S15000001,S09000001,S22000047,S03000012,S31000934,S99999999,S01006510,S02001236,S99999999,S03000012,S99999999,S99999999,3,5B3,57.09641,-2.26419,S99999999,S99999999,S23000009,0
AB1 0RT,AB1  0RT,AB1 0RT,198001,199606,0,384092,800725,1,S00090285,S99999999,S12000033,S13002484,S08000020,S99999999,S92000003,S99999999,S14000002,S15000001,S09000001,S22000047,S03000012,S31000934,S99999999,S01006510,S02001236,S99999999,S03000012,S99999999,S99999999,3,5B3,57.097227,-2.26418,S99999999,S99999999,S23000009,0
AB1 0RU,AB1  0RU,AB1 0RU,198001,199606,0,383850,801253,1,S00090296,S99999999,S12000033,S13002484,S08000020,S99999999,S92000003,S99999999,S14000002,S15000001,S09000001,S22000047,S03000012,S31000934,S99999999,S01006507,S02001236,S99999999,S03000012,S99999999,S99999999,3,8B2,57.101962,-2.268208,S99999999,S99999999,S23000009,0
AB1 0RW,AB1  0RW,AB1 0RW,198001,199606,0,383794,801267,1,S00090296,S99999999,S12000033,S13002484,S08000020,S99999999,S92000003,S99999999,S14000002,S15000001,S09000001,S22000047,S03000012,S31000934,S99999999,S01006507,S02001236,S99999999,S03000012,S99999999,S99999999,3,8B2,57.102085,-2.269133,S99999999,S99999999,S23000009,0
AB1 0RX,AB1  0RX,AB1 0RX,198001,199606,0,384153,800844,1,S00090380,S99999999,S12000033,S13002484,S08000020,S99999999,S92000003,S99999999,S14000002,S15000001,S09000001,S22000047,S03000012,S31000934,S99999999,S01006510,S02001236,S99999999,S03000012,S99999999,S99999999,3,6A4,57.098298,-2.263181,S99999999,S99999999,S23000009,0
AB1 0RY,AB1  0RY,AB1 0RY,198001,199606,0,383835,801314,1,S00090296,S99999999,S12000033,S13002484,S08000020,S99999999,S92000003,S99999999,S14000002,S15000001,S09000001,S22000047,S03000012,S31000934,S99999999,S01006507,S02001236,S99999999,S03000012,S99999999,S99999999,3,8B2,57.102509,-2.26846,S99999999,S99999999,S23000009,0
AB1 0RZ,AB1  0RZ,AB1 0RZ,198001,199606,0,383916,801335,1,S00090296,S99999999,S12000033,S13002484,S08000020,S99999999,S92000003,S99999999,S14000002,S15000001,S09000001,S22000047,S03000012,S31000934,S99999999,S01006507,S02001236,S99999999,S03000012,S99999999,S99999999,3,8B2,57.1027,-2.267124,S99999999,S99999999,S23000009,0
AB1 0SA,AB1  0SA,AB1 0SA,198001,199606,0,383999,800762,1,S00090291,S99999999,S12000033,S13002484,S08000020,S99999999,S92000003,S99999999,S14000002,S15000001,S09000001,S22000047,S03000012,S31000934,S99999999,S01006506,S02001236,S99999999,S03000012,S99999999,S99999999,3,7C3,57.097556,-2.265717,S99999999,S99999999,S23000009,0
AB1 0SB,AB1  0SB,AB1 0SB,198001,199606,0,383973,800696,1,S00090291,S99999999,S12000033,S13002484,S08000020,S99999999,S92000003,S99999999,S14000002,S15000001,S09000001,S22000047,S03000012,S31000934,S99999999,S01006506,S02001236,S99999999,S03000012,S99999999,S99999999,3,7C3,57.096962,-2.266142,S99999999,S99999999,S23000009,0
AB1 0SD,AB1  0SD,AB1 0SD,198001,199606,0,383985,800807,1,S00090292,S99999999,S12000033,S13002484,S08000020,S99999999,S92000003,S99999999,S14000002,S15000001,S09000001,S22000047,S03000012,S31000934,S99999999,S01006510,S02001236,S99999999,S03000012,S99999999,S99999999,3,7D3,57.09796,-2.265951,S99999999,S99999999,S23000009,0
AB1 0SE,AB1  0SE,AB1 0SE,198001,199606,0,383806,801274,1,S00090296,S99999999,S12000033,S13002484,S08000020,S99999999,S92000003,S99999999,S14000002,S15000001,S09000001,S22000047,S03000012,S31000934,S99999999,S01006507,S02001236,S99999999,S03000012,S99999999,S99999999,3,8B2,57.102149,-2.268936,S99999999,S99999999,S23000009,0
AB1 0SF,AB1  0SF,AB1 0SF,198001,199606,0,383894,800793,1,S00090386,S99999999,S12000033,S13002484,S08000020,S99999999,S92000003,S99999999,S14000002,S15000001,S09000001,S22000047,S03000012,S31000934,S99999999,S01006509,S02001236,S99999999,S03000012,S99999999,S99999999,3,5B1,57.097831,-2.267452,S99999999,S99999999,S23000009,0
AB1 0SG,AB1  0SG,AB1 0SG,199006,199606,0,383925,800674,1,S00090291,S99999999,S12000033,S13002484,S08000020,S99999999,S92000003,S99999999,S14000002,S15000001,S09000001,S22000047,S03000012,S31000934,S99999999,S01006506,S02001236,S99999999,S03000012,S99999999,S99999999,3,7C3,57.096763,-2.266933,S99999999,S99999999,S23000009,0
AB1 0SH,AB1  0SH,AB1 0SH,198001,199606,0,384062,800956,1,S00090292,S99999999,S12000033,S13002484,S08000020,S99999999,S92000003,S99999999,S14000002,S15000001,S09000001,S22000047,S03000012,S31000934,S99999999,S01006510,S02001236,S99999999,S03000012,S99999999,S99999999,3,7D3,57.099301,-2.26469,S99999999,S99999999,S23000009,0
